[
  {"code":"DEL","name":"Delhi","state":"Delhi","type":"AIRPORT","detailedName":"Delhi, Delhi"},
  {"code":"BOM","name":"Mumbai","state":"Maharashtra","type":"AIRPORT","detailedName":"Mumbai, Maharashtra"},
  {"code":"BLR","name":"Bangalore","state":"Karnataka","type":"AIRPORT","detailedName":"Bangalore, Karnataka"},
  {"code":"CCU","name":"Kolkata","state":"West Bengal","type":"AIRPORT","detailedName":"Kolkata, West Bengal"},
  {"code":"MAA","name":"Chennai","state":"Tamil Nadu","type":"AIRPORT","detailedName":"Chennai, Tamil Nadu"},
  {"code":"HYD","name":"Hyderabad","state":"Telangana","type":"AIRPORT","detailedName":"Hyderabad, Telangana"},
  {"code":"PNQ","name":"Pune","state":"Maharashtra","type":"AIRPORT","detailedName":"Pune, Maharashtra"},
  {"code":"AMD","name":"Ahmedabad","state":"Gujarat","type":"AIRPORT","detailedName":"Ahmedabad, Gujarat"},
  {"code":"JAI","name":"Jaipur","state":"Rajasthan","type":"AIRPORT","detailedName":"Jaipur, Rajasthan"},
  {"code":"COK","name":"Kochi","state":"Kerala","type":"AIRPORT","detailedName":"Kochi, Kerala"},
  {"code":"GAU","name":"Guwahati","state":"Assam","type":"AIRPORT","detailedName":"Guwahati, Assam"},
  {"code":"IXC","name":"Chandigarh","state":"Punjab","type":"AIRPORT","detailedName":"Chandigarh, Punjab"},
  {"code":"LKO","name":"Lucknow","state":"Uttar Pradesh","type":"AIRPORT","detailedName":"Lucknow, Uttar Pradesh"},
  {"code":"NAG","name":"Nagpur","state":"Maharashtra","type":"AIRPORT","detailedName":"Nagpur, Maharashtra"},
  {"code":"PAT","name":"Patna","state":"Bihar","type":"AIRPORT","detailedName":"Patna, Bihar"},
  {"code":"IXB","name":"Bagdogra","state":"West Bengal","type":"AIRPORT","detailedName":"Bagdogra, West Bengal"},
  {"code":"GOI","name":"Goa","state":"Goa","type":"AIRPORT","detailedName":"Goa, Goa"},
  {"code":"IDR","name":"Indore","state":"Madhya Pradesh","type":"AIRPORT","detailedName":"Indore, Madhya Pradesh"},
  {"code":"VNS","name":"Varanasi","state":"Uttar Pradesh","type":"AIRPORT","detailedName":"Varanasi, Uttar Pradesh"},
  {"code":"TRV","name":"Thiruvananthapuram","state":"Kerala","type":"AIRPORT","detailedName":"Thiruvananthapuram, Kerala"},
  {"code":"IXE","name":"Mangalore","state":"Karnataka","type":"AIRPORT","detailedName":"Mangalore, Karnataka"},
  {"code":"IXR","name":"Ranchi","state":"Jharkhand","type":"AIRPORT","detailedName":"Ranchi, Jharkhand"},
  {"code":"IXU","name":"Aurangabad","state":"Maharashtra","type":"AIRPORT","detailedName":"Aurangabad, Maharashtra"},
  {"code":"IXJ","name":"Jammu","state":"Jammu and Kashmir","type":"AIRPORT","detailedName":"Jammu, Jammu and Kashmir"},
  {"code":"IXZ","name":"Port Blair","state":"Andaman and Nicobar","type":"AIRPORT","detailedName":"Port Blair, Andaman and Nicobar"},
  {"code":"SUR","name":"Surat","state":"Gujarat","type":"CITY","detailedName":"Surat, Gujarat"},
  {"code":"KAN","name":"Kanpur","state":"Uttar Pradesh","type":"CITY","detailedName":"Kanpur, Uttar Pradesh"},
  {"code":"THA","name":"Thane","state":"Maharashtra","type":"CITY","detailedName":"Thane, Maharashtra"},
  {"code":"BHO","name":"Bhopal","state":"Madhya Pradesh","type":"CITY","detailedName":"Bhopal, Madhya Pradesh"},
  {"code":"VIS","name":"Visakhapatnam","state":"Andhra Pradesh","type":"CITY","detailedName":"Visakhapatnam, Andhra Pradesh"},
  {"code":"VAD","name":"Vadodara","state":"Gujarat","type":"CITY","detailedName":"Vadodara, Gujarat"},
  {"code":"GHA","name":"Ghaziabad","state":"Uttar Pradesh","type":"CITY","detailedName":"Ghaziabad, Uttar Pradesh"},
  {"code":"LUD","name":"Ludhiana","state":"Punjab","type":"CITY","detailedName":"Ludhiana, Punjab"},
  {"code":"AGA","name":"Agra","state":"Uttar Pradesh","type":"CITY","detailedName":"Agra, Uttar Pradesh"},
  {"code":"NAS","name":"Nashik","state":"Maharashtra","type":"CITY","detailedName":"Nashik, Maharashtra"},
  {"code":"FAR","name":"Faridabad","state":"Haryana","type":"CITY","detailedName":"Faridabad, Haryana"},
  {"code":"MEH","name":"Meerut","state":"Uttar Pradesh","type":"CITY","detailedName":"Meerut, Uttar Pradesh"},
  {"code":"RAJ","name":"Rajkot","state":"Gujarat","type":"CITY","detailedName":"Rajkot, Gujarat"},
  {"code":"VAR","name":"Varanasi","state":"Uttar Pradesh","type":"CITY","detailedName":"Varanasi, Uttar Pradesh"},
  {"code":"SRN","name":"Srinagar","state":"Jammu and Kashmir","type":"CITY","detailedName":"Srinagar, Jammu and Kashmir"},
  {"code":"AMR","name":"Amritsar","state":"Punjab","type":"CITY","detailedName":"Amritsar, Punjab"},
  {"code":"ALI","name":"Allahabad","state":"Uttar Pradesh","type":"CITY","detailedName":"Allahabad, Uttar Pradesh"},
  {"code":"RAN","name":"Ranchi","state":"Jharkhand","type":"CITY","detailedName":"Ranchi, Jharkhand"},
  {"code":"JAB","name":"Jabalpur","state":"Madhya Pradesh","type":"CITY","detailedName":"Jabalpur, Madhya Pradesh"},
  {"code":"GWA","name":"Gwalior","state":"Madhya Pradesh","type":"CITY","detailedName":"Gwalior, Madhya Pradesh"},
  {"code":"NDLS","name":"New Delhi Railway Station","state":"Delhi","type":"STATION","detailedName":"New Delhi Railway Station, Delhi"},
  {"code":"CSTM","name":"Mumbai CST","state":"Maharashtra","type":"STATION","detailedName":"Mumbai CST, Maharashtra"},
  {"code":"SBC","name":"Bangalore City","state":"Karnataka","type":"STATION","detailedName":"Bangalore City, Karnataka"},
  {"code":"HWH","name":"Howrah Junction","state":"West Bengal","type":"STATION","detailedName":"Howrah Junction, West Bengal"},
  {"code":"MAS","name":"Chennai Central","state":"Tamil Nadu","type":"STATION","detailedName":"Chennai Central, Tamil Nadu"},
  {"code":"SC","name":"Secunderabad","state":"Telangana","type":"STATION","detailedName":"Secunderabad, Telangana"},
  {"code":"NYC","name":"New York City","state":"New York, USA","type":"CITY","detailedName":"New York City, New York, USA"},
  {"code":"LAX","name":"Los Angeles","state":"California, USA","type":"CITY","detailedName":"Los Angeles, California, USA"},
  {"code":"ORD","name":"Chicago","state":"Illinois, USA","type":"CITY","detailedName":"Chicago, Illinois, USA"},
  {"code":"DFW","name":"Dallas","state":"Texas, USA","type":"CITY","detailedName":"Dallas, Texas, USA"},
  {"code":"IAH","name":"Houston","state":"Texas, USA","type":"CITY","detailedName":"Houston, Texas, USA"},
  {"code":"PHX","name":"Phoenix","state":"Arizona, USA","type":"CITY","detailedName":"Phoenix, Arizona, USA"},
  {"code":"PHL","name":"Philadelphia","state":"Pennsylvania, USA","type":"CITY","detailedName":"Philadelphia, Pennsylvania, USA"},
  {"code":"SAN","name":"San Antonio","state":"Texas, USA","type":"CITY","detailedName":"San Antonio, Texas, USA"},
  {"code":"SFO","name":"San Francisco","state":"California, USA","type":"CITY","detailedName":"San Francisco, California, USA"},
  {"code":"SEA","name":"Seattle","state":"Washington, USA","type":"CITY","detailedName":"Seattle, Washington, USA"},
  {"code":"DEN","name":"Denver","state":"Colorado, USA","type":"CITY","detailedName":"Denver, Colorado, USA"},
  {"code":"BOS","name":"Boston","state":"Massachusetts, USA","type":"CITY","detailedName":"Boston, Massachusetts, USA"},
  {"code":"ATL","name":"Atlanta","state":"Georgia, USA","type":"CITY","detailedName":"Atlanta, Georgia, USA"},
  {"code":"MIA","name":"Miami","state":"Florida, USA","type":"CITY","detailedName":"Miami, Florida, USA"},
  {"code":"MSP","name":"Minneapolis","state":"Minnesota, USA","type":"CITY","detailedName":"Minneapolis, Minnesota, USA"},
  {"code":"DTW","name":"Detroit","state":"Michigan, USA","type":"CITY","detailedName":"Detroit, Michigan, USA"},
  {"code":"LAS","name":"Las Vegas","state":"Nevada, USA","type":"CITY","detailedName":"Las Vegas, Nevada, USA"},
  {"code":"PDX","name":"Portland","state":"Oregon, USA","type":"CITY","detailedName":"Portland, Oregon, USA"},
  {"code":"SLC","name":"Salt Lake City","state":"Utah, USA","type":"CITY","detailedName":"Salt Lake City, Utah, USA"},
  {"code":"DCA","name":"Washington DC","state":"District of Columbia, USA","type":"CITY","detailedName":"Washington DC, District of Columbia, USA"},
  {"code":"SJC","name":"San Jose","state":"California, USA","type":"CITY","detailedName":"San Jose, California, USA"},
  {"code":"AUS","name":"Austin","state":"Texas, USA","type":"CITY","detailedName":"Austin, Texas, USA"},
  {"code":"CLT","name":"Charlotte","state":"North Carolina, USA","type":"CITY","detailedName":"Charlotte, North Carolina, USA"},
  {"code":"IND","name":"Indianapolis","state":"Indiana, USA","type":"CITY","detailedName":"Indianapolis, Indiana, USA"},
  {"code":"CMH","name":"Columbus","state":"Ohio, USA","type":"CITY","detailedName":"Columbus, Ohio, USA"},
  {"code":"MCI","name":"Kansas City","state":"Missouri, USA","type":"CITY","detailedName":"Kansas City, Missouri, USA"},
  {"code":"TPA","name":"Tampa","state":"Florida, USA","type":"CITY","detailedName":"Tampa, Florida, USA"},
  {"code":"MCO","name":"Orlando","state":"Florida, USA","type":"CITY","detailedName":"Orlando, Florida, USA"},
  {"code":"CLE","name":"Cleveland","state":"Ohio, USA","type":"CITY","detailedName":"Cleveland, Ohio, USA"},
  {"code":"PIT","name":"Pittsburgh","state":"Pennsylvania, USA","type":"CITY","detailedName":"Pittsburgh, Pennsylvania, USA"},
  {"code":"RDU","name":"Raleigh","state":"North Carolina, USA","type":"CITY","detailedName":"Raleigh, North Carolina, USA"},
  {"code":"BNA","name":"Nashville","state":"Tennessee, USA","type":"CITY","detailedName":"Nashville, Tennessee, USA"},
  {"code":"MEM","name":"Memphis","state":"Tennessee, USA","type":"CITY","detailedName":"Memphis, Tennessee, USA"},
  {"code":"STL","name":"St. Louis","state":"Missouri, USA","type":"CITY","detailedName":"St. Louis, Missouri, USA"},
  {"code":"CVG","name":"Cincinnati","state":"Ohio, USA","type":"CITY","detailedName":"Cincinnati, Ohio, USA"},
  {"code":"MKE","name":"Milwaukee","state":"Wisconsin, USA","type":"CITY","detailedName":"Milwaukee, Wisconsin, USA"},
  {"code":"ABQ","name":"Albuquerque","state":"New Mexico, USA","type":"CITY","detailedName":"Albuquerque, New Mexico, USA"},
  {"code":"OKC","name":"Oklahoma City","state":"Oklahoma, USA","type":"CITY","detailedName":"Oklahoma City, Oklahoma, USA"},
  {"code":"TUS","name":"Tucson","state":"Arizona, USA","type":"CITY","detailedName":"Tucson, Arizona, USA"},
  {"code":"SAC","name":"Sacramento","state":"California, USA","type":"CITY","detailedName":"Sacramento, California, USA"},
  {"code":"JAX","name":"Jacksonville","state":"Florida, USA","type":"CITY","detailedName":"Jacksonville, Florida, USA"},
  {"code":"SNA","name":"Santa Ana","state":"California, USA","type":"CITY","detailedName":"Santa Ana, California, USA"},
  {"code":"SMF","name":"Fresno","state":"California, USA","type":"CITY","detailedName":"Fresno, California, USA"},
  {"code":"LGB","name":"Long Beach","state":"California, USA","type":"CITY","detailedName":"Long Beach, California, USA"},
  {"code":"ONT","name":"San Bernardino","state":"California, USA","type":"CITY","detailedName":"San Bernardino, California, USA"},
  {"code":"OAK","name":"Oakland","state":"California, USA","type":"CITY","detailedName":"Oakland, California, USA"},
  {"code":"HNL","name":"Honolulu","state":"Hawaii, USA","type":"CITY","detailedName":"Honolulu, Hawaii, USA"},
  {"code":"ANC","name":"Anchorage","state":"Alaska, USA","type":"CITY","detailedName":"Anchorage, Alaska, USA"},
  {"code":"YYZ","name":"Toronto","state":"Ontario, Canada","type":"CITY","detailedName":"Toronto, Ontario, Canada"},
  {"code":"YVR","name":"Vancouver","state":"British Columbia, Canada","type":"CITY","detailedName":"Vancouver, British Columbia, Canada"},
  {"code":"YUL","name":"Montreal","state":"Quebec, Canada","type":"CITY","detailedName":"Montreal, Quebec, Canada"},
  {"code":"YYC","name":"Calgary","state":"Alberta, Canada","type":"CITY","detailedName":"Calgary, Alberta, Canada"},
  {"code":"YEG","name":"Edmonton","state":"Alberta, Canada","type":"CITY","detailedName":"Edmonton, Alberta, Canada"},
  {"code":"YOW","name":"Ottawa","state":"Ontario, Canada","type":"CITY","detailedName":"Ottawa, Ontario, Canada"},
  {"code":"YWG","name":"Winnipeg","state":"Manitoba, Canada","type":"CITY","detailedName":"Winnipeg, Manitoba, Canada"},
  {"code":"YQB","name":"Quebec City","state":"Quebec, Canada","type":"CITY","detailedName":"Quebec City, Quebec, Canada"},
  {"code":"YHZ","name":"Halifax","state":"Nova Scotia, Canada","type":"CITY","detailedName":"Halifax, Nova Scotia, Canada"},
  {"code":"SYD","name":"Sydney","state":"New South Wales, Australia","type":"CITY","detailedName":"Sydney, New South Wales, Australia"},
  {"code":"MEL","name":"Melbourne","state":"Victoria, Australia","type":"CITY","detailedName":"Melbourne, Victoria, Australia"},
  {"code":"BNE","name":"Brisbane","state":"Queensland, Australia","type":"CITY","detailedName":"Brisbane, Queensland, Australia"},
  {"code":"PER","name":"Perth","state":"Western Australia, Australia","type":"CITY","detailedName":"Perth, Western Australia, Australia"},
  {"code":"ADL","name":"Adelaide","state":"South Australia, Australia","type":"CITY","detailedName":"Adelaide, South Australia, Australia"},
  {"code":"LHR","name":"London","state":"England, UK","type":"CITY","detailedName":"London, England, UK"},
  {"code":"MAN","name":"Manchester","state":"England, UK","type":"CITY","detailedName":"Manchester, England, UK"},
  {"code":"BHX","name":"Birmingham","state":"England, UK","type":"CITY","detailedName":"Birmingham, England, UK"},
  {"code":"EDI","name":"Edinburgh","state":"Scotland, UK","type":"CITY","detailedName":"Edinburgh, Scotland, UK"},
  {"code":"GLA","name":"Glasgow","state":"Scotland, UK","type":"CITY","detailedName":"Glasgow, Scotland, UK"},
  {"code":"LPL","name":"Liverpool","state":"England, UK","type":"CITY","detailedName":"Liverpool, England, UK"},
  {"code":"BRS","name":"Bristol","state":"England, UK","type":"CITY","detailedName":"Bristol, England, UK"},
  {"code":"LDS","name":"Leeds","state":"England, UK","type":"CITY","detailedName":"Leeds, England, UK"},
  {"code":"NRT","name":"Tokyo","state":"Japan","type":"CITY","detailedName":"Tokyo, Japan"},
  {"code":"HND","name":"Osaka","state":"Japan","type":"CITY","detailedName":"Osaka, Japan"},
  {"code":"PEK","name":"Beijing","state":"China","type":"CITY","detailedName":"Beijing, China"},
  {"code":"PVG","name":"Shanghai","state":"China","type":"CITY","detailedName":"Shanghai, China"},
  {"code":"HKG","name":"Hong Kong","state":"Hong Kong","type":"CITY","detailedName":"Hong Kong"},
  {"code":"SIN","name":"Singapore","state":"Singapore","type":"CITY","detailedName":"Singapore"},
  {"code":"BKK","name":"Bangkok","state":"Thailand","type":"CITY","detailedName":"Bangkok, Thailand"},
  {"code":"KUL","name":"Kuala Lumpur","state":"Malaysia","type":"CITY","detailedName":"Kuala Lumpur, Malaysia"},
  {"code":"ICN","name":"Seoul","state":"South Korea","type":"CITY","detailedName":"Seoul, South Korea"},
  {"code":"TPE","name":"Taipei","state":"Taiwan","type":"CITY","detailedName":"Taipei, Taiwan"},
  {"code":"CDG","name":"Paris","state":"France","type":"CITY","detailedName":"Paris, France"},
  {"code":"FRA","name":"Frankfurt","state":"Germany","type":"CITY","detailedName":"Frankfurt, Germany"},
  {"code":"MUC","name":"Munich","state":"Germany","type":"CITY","detailedName":"Munich, Germany"},
  {"code":"AMS","name":"Amsterdam","state":"Netherlands","type":"CITY","detailedName":"Amsterdam, Netherlands"},
  {"code":"MAD","name":"Madrid","state":"Spain","type":"CITY","detailedName":"Madrid, Spain"},
  {"code":"BCN","name":"Barcelona","state":"Spain","type":"CITY","detailedName":"Barcelona, Spain"},
  {"code":"FCO","name":"Rome","state":"Italy","type":"CITY","detailedName":"Rome, Italy"},
  {"code":"MXP","name":"Milan","state":"Italy","type":"CITY","detailedName":"Milan, Italy"},
  {"code":"ZRH","name":"Zurich","state":"Switzerland","type":"CITY","detailedName":"Zurich, Switzerland"},
  {"code":"VIE","name":"Vienna","state":"Austria","type":"CITY","detailedName":"Vienna, Austria"},
  {"code":"CPH","name":"Copenhagen","state":"Denmark","type":"CITY","detailedName":"Copenhagen, Denmark"},
  {"code":"ARN","name":"Stockholm","state":"Sweden","type":"CITY","detailedName":"Stockholm, Sweden"},
  {"code":"OSL","name":"Oslo","state":"Norway","type":"CITY","detailedName":"Oslo, Norway"},
  {"code":"HEL","name":"Helsinki","state":"Finland","type":"CITY","detailedName":"Helsinki, Finland"},
  {"code":"DUB","name":"Dublin","state":"Ireland","type":"CITY","detailedName":"Dublin, Ireland"},
  {"code":"LIS","name":"Lisbon","state":"Portugal","type":"CITY","detailedName":"Lisbon, Portugal"},
  {"code":"ATH","name":"Athens","state":"Greece","type":"CITY","detailedName":"Athens, Greece"},
  {"code":"PRG","name":"Prague","state":"Czech Republic","type":"CITY","detailedName":"Prague, Czech Republic"},
  {"code":"BUD","name":"Budapest","state":"Hungary","type":"CITY","detailedName":"Budapest, Hungary"},
  {"code":"WAW","name":"Warsaw","state":"Poland","type":"CITY","detailedName":"Warsaw, Poland"},
  {"code":"DXB","name":"Dubai","state":"UAE","type":"CITY","detailedName":"Dubai, UAE"},
  {"code":"AUH","name":"Abu Dhabi","state":"UAE","type":"CITY","detailedName":"Abu Dhabi, UAE"},
  {"code":"DOH","name":"Doha","state":"Qatar","type":"CITY","detailedName":"Doha, Qatar"},
  {"code":"TLV","name":"Tel Aviv","state":"Israel","type":"CITY","detailedName":"Tel Aviv, Israel"},
  {"code":"IST","name":"Istanbul","state":"Turkey","type":"CITY","detailedName":"Istanbul, Turkey"},
  {"code":"GRU","name":"São Paulo","state":"Brazil","type":"CITY","detailedName":"São Paulo, Brazil"},
  {"code":"GIG","name":"Rio de Janeiro","state":"Brazil","type":"CITY","detailedName":"Rio de Janeiro, Brazil"},
  {"code":"EZE","name":"Buenos Aires","state":"Argentina","type":"CITY","detailedName":"Buenos Aires, Argentina"},
  {"code":"SCL","name":"Santiago","state":"Chile","type":"CITY","detailedName":"Santiago, Chile"},
  {"code":"BOG","name":"Bogota","state":"Colombia","type":"CITY","detailedName":"Bogota, Colombia"},
  {"code":"LIM","name":"Lima","state":"Peru","type":"CITY","detailedName":"Lima, Peru"},
  {"code":"MEX","name":"Mexico City","state":"Mexico","type":"CITY","detailedName":"Mexico City, Mexico"},
  {"code":"CUN","name":"Cancun","state":"Mexico","type":"CITY","detailedName":"Cancun, Mexico"},
  {"code":"JNB","name":"Johannesburg","state":"South Africa","type":"CITY","detailedName":"Johannesburg, South Africa"},
  {"code":"CPT","name":"Cape Town","state":"South Africa","type":"CITY","detailedName":"Cape Town, South Africa"},
  {"code":"CAI","name":"Cairo","state":"Egypt","type":"CITY","detailedName":"Cairo, Egypt"},
  {"code":"CMN","name":"Casablanca","state":"Morocco","type":"CITY","detailedName":"Casablanca, Morocco"},
  {"code":"NBO","name":"Nairobi","state":"Kenya","type":"CITY","detailedName":"Nairobi, Kenya"},
  {"code":"LOS","name":"Lagos","state":"Nigeria","type":"CITY","detailedName":"Lagos, Nigeria"}
]
